{"a":4.0,"b":0.01,"R":[1,2,3,4],"T":[9.0,10.0,11.0,12.0,13.0,14.0,15.0],"log_PT_vb":[[-18.714338096334835,-20.56206133838709,-22.425924975373963,-24.002184334996166],[-18.07036195978133,-20.220697469711812,-22.47310941921051,-24.462753297960923],[-17.828997862353592,-20.111538496070345,-22.56732404091879,-24.551461747936145],[-17.753790384866456,-20.145404716102334,-22.71512872976931,-24.73830127179967],[-17.763740715719628,-20.248805613649857,-22.915713842657794,-24.958617558764338],[-17.821893148390664,-20.388448969317515,-23.10695880188804,-25.187135519299343],[-17.908804520379963,-20.54028950073898,-23.269737505122055,-25.4128216045248]],"X":[[3.0,3.0],[null,3.0]],"log_PT":[[-18.714338096334835,-18.640515636267203,-18.602743221056475,-18.58135031541557],[-18.07036195978133,-18.15226211707041,-18.212107479432955,-18.257347187812947],[-17.828997862353592,-17.978587969764057,-18.08101583052135,-18.15454957098245],[-17.753790384866456,-17.927978923736326,-18.045669606489323,-18.129118350173215],[-17.763740715719628,-17.93792925458952,-18.05561993734251,-18.139068681025954],[-17.821893148390664,-17.980678758581178,-18.089297265561836,-18.16709199597537],[-17.908804520379963,-18.04193763978751,-18.13592826469572,-18.204779400632447]],"log_PT_smc":[[-18.714338096334824,-18.64651818034475,-18.611558078906274,-18.583051455117197],[-18.07036195978133,-18.1524429864875,-18.215474303010943,-18.255641613595397],[-17.828997862353592,-17.983330222150865,-18.0927291211725,-18.163755389644596],[-17.753790384866456,-17.929801883124703,-18.04386252638649,-18.13181016003489],[-17.763740715719617,-17.934286805039545,-18.05646088300582,-18.1375852041382],[-17.821893148390668,-17.974863031075557,-18.084396427648088,-18.171299182725736],[-17.90880452037996,-18.032832953492,-18.13008812862939,-18.206326107748822]],"time":"2019-03-08T04:36:46.738"}