{"a":[1.0e-5,0.0001,0.001,0.01,0.1,1.0,10.0,99.99999999999994,1000.0,10000.0,100000.0],"log_PX_smc":[[-86.0384131888501,-85.80984323184722,-85.5812431066971,-87.30383636060172],[-72.22402088908171,-71.66652176747824,-72.6406807222346,-73.01516674660243],[-58.417620232064074,-57.867019340270076,-58.60395817270225,-59.05900273590685],[-44.67245027393404,-44.070270951843604,-44.84031308451437,-45.485496082735274],[-31.349876675035183,-30.754697826704692,-31.47398139848191,-32.04764679591827],[-20.227060056768764,-19.809879055209585,-20.088947344612897,-20.34761825673484],[-14.487064763732375,-14.458229754304147,-14.443187244303418,-14.43533996813977],[-13.15603699796239,-13.155812561078458,-13.15558066875616,-13.155351058135892],[-12.99388767204745,-12.993885708202825,-12.993883523880937,-12.993881559196701],[-12.977282558346959,-12.977282537659862,-12.977282518391329,-12.977282499626432],[-12.975618008652479,-12.975618008461796,-12.975618008247636,-12.975618008048775]],"R":[1,2,3,4],"log_PX":[[-86.03841318885009,-85.43227882126335,-86.23927952269945,-86.87254493066796],[-72.22402088908173,-71.61789944686159,-72.42481880010904,-73.05801651120292],[-58.41762023206407,-57.81162819315988,-58.61773461133653,-59.2502560574739],[-44.67245027393403,-44.067767018365934,-44.86579842218825,-45.49162675999953],[-31.349876675035176,-30.75955974388348,-31.481951218593107,-32.047064010041574],[-20.227060056768764,-19.81062435066394,-20.093149263557407,-20.345416633740914],[-14.487064763732375,-14.45805671183823,-14.442840251744581,-14.435176266153528],[-13.156036997962271,-13.155803312544924,-13.155576873235033,-13.155357347681715],[-12.993887672048569,-12.993885632747693,-12.9938835978198,-12.993881567253709],[-12.977282558323733,-12.977282538291435,-12.977282518287808,-12.97728249824454],[-12.975618008323746,-12.975618008283014,-12.975618008333383,-12.975618008041751]],"log_PX_vb":[[-86.03841318885009,-86.6419534627226,-89.07474144934966,-90.80083255304713],[-72.22402088908173,-72.82760843260473,-75.26037246239743,-76.98645158745285],[-58.41762023206407,-59.02168063327018,-61.45420522956594,-63.18016461540422],[-44.67245027393403,-45.28125514900327,-47.711398838684104,-49.43616553893125],[-31.349876675035176,-32.00751349542226,-34.41513684320682,-36.12843399131188],[-20.227060056768764,-21.40595154088662,-23.68067524836134,-25.314700839455817],[-14.487064763732375,-16.606152062452544,-18.736121795051716,-20.74619729056479],[-13.156036997962271,-13.418161387911296,-13.683548178644461,-13.952185098457846],[-12.993887672048569,-13.020805121562558,-13.047758211368691,-13.074746939987136],[-12.977282558323733,-12.979981728774261,-12.982681258932562,-12.985381148612788],[-12.975618008323746,-12.975888000396777,-12.97615799536462,-12.976427994409306]],"X":[[2,0,0],[1,0,0],[1,1,1],[0,2,1]],"time":"2019-03-09T07:06:23.565"}