{"a":10.0,"T":1000,"R":[1,2,3,4,5,6,7,8,9,10],"I":20,"J":25,"log_PX_smc":[-2623.1512920599093,-1779.172557369574,-1372.8671253254256,-1096.1431021668454,-985.4304828021255,-985.3608805539676,-990.5980792857443,-997.3229875102468,-1001.4465758782216,-1005.8273311410991],"time":"2019-03-10T00:27:07.279","K":30,"log_PX_vb":[-2623.1512920599093,-1781.9529885606012,-1381.717632023872,-1262.7465503530245,-1341.56041353756,-1284.9236848347698,-1491.0477655554955,-1340.9604452861752,-1442.760036388748,-1496.6286429501658],"R_true":5}