{"a":10.0,"T":1000,"R":[1,2,3,4,5,6,7,8,9,10],"I":20,"J":25,"log_PX_smc":[-2586.9150038871694,-1848.308155858113,-1430.7315326391454,-1139.4318326707087,-1044.7541656032167,-1049.5071300493482,-1058.9651689403256,-1063.535698121161,-1072.2265405186524,-1075.3863138462466],"time":"2019-03-11T20:33:57.226","K":30,"log_PX_vb":[-2586.915003887173,-1850.943104524756,-1446.7660349996559,-1201.0423162835573,-1406.4368921412538,-1452.6069559591147,-1512.230639931591,-1473.374988454883,-1434.651218574806,-1479.8923166044383],"R_true":5}