{"vb":[[0.003662912,0.025868197,0.086565332,0.204778847,0.393680745,0.676268687,1.120967364,1.590880578,2.258150594,3.143028196,4.105568378,5.385094213,6.853337221,8.57298613,10.503062869,12.781890961],[0.003271981,0.0253656,0.084815718,0.202770197,0.390146982,0.672511625,1.064491598,1.585670412,2.263847206,3.098347559,4.224865977,5.383804712,6.793727235,8.562254972,10.505666277,12.835701302],[0.005878095,0.025498894,0.085103115,0.199869825,0.386944931,0.669042481,1.063706507,1.588281969,2.255914013,3.175988426,4.113711954,5.396334686,6.873383813,8.562998364,10.519845036,12.93410592],[0.003308097,0.025454461,0.09349017,0.201339402,0.391261206,0.67187294,1.072780719,1.672409101,2.256748567,3.089074085,4.178428116,5.40752176,6.791673893,8.573607142,10.521654516,12.770415655],[0.003280611,0.028001333,0.087344886,0.200666002,0.389910787,0.683229908,1.079826421,1.591778523,2.262115513,3.094577582,4.104215404,5.326971574,6.859033601,8.554299338,10.583582273,12.773626501],[0.003279983,0.028070303,0.087397727,0.200080705,0.387818645,0.672740922,1.064784015,1.603385918,2.29303474,3.151058522,4.104860984,5.389899432,6.856496611,8.489349202,10.499876225,12.810803717],[0.003292819,0.025446123,0.084947174,0.200684466,0.391227111,0.674084318,1.064675899,1.588784362,2.297532514,3.091149727,4.193886394,5.338280862,6.87636104,8.563342709,10.537549516,12.774807707],[0.00328811,0.025796686,0.084762436,0.200502495,0.390833066,0.672300414,1.067342821,1.591057453,2.263019487,3.155870621,4.121998852,5.387064855,6.872786341,8.596194189,10.532269241,12.801768337],[0.003281618,0.027974179,0.087189939,0.203633283,0.387925288,0.672510383,1.063975427,1.603351613,2.255514866,3.098152677,4.139434506,5.338357434,6.799030811,8.563596521,10.528193866,12.826746749],[0.003287746,0.027828558,0.087125128,0.200187079,0.388655273,0.735662132,1.066648988,1.594476783,2.252599145,3.098242319,4.10383943,5.339206035,6.878413635,8.596370121,10.515499119,12.74939983]],"sis":[[0.93090047,0.667466271,0.683112153,0.682352146,0.699592228,0.720758211,0.744584964,0.869916858,0.768744877,0.765813914,0.791509069,0.820604823,0.814363712,0.947091655,0.857845742,0.847370766],[0.631433486,0.656061344,0.678600023,0.679120479,0.785236407,0.725383054,0.771184883,0.861023168,0.770926881,0.77263517,0.794795762,0.815648937,0.8298024,0.944738333,0.832200717,0.847688891],[0.634805679,0.654182312,0.686583255,0.677488403,0.695852169,0.721799332,0.777494339,0.857617256,0.768211767,0.766904666,0.798065825,0.818876541,0.823382216,0.944077994,0.841484681,0.849726722],[0.633488341,0.654309303,0.681076809,0.747852926,0.694223613,0.715267085,0.773817735,0.869768508,0.774631903,0.76550983,0.807616994,0.817718523,0.82003221,0.950163492,0.840641336,0.846704387],[0.630926939,0.655725327,0.683158455,0.678698887,0.698826927,0.725524715,0.768058569,0.871843059,0.766457873,0.846289131,0.790905611,0.883483094,0.814480522,0.948118516,0.835718427,0.847100123],[0.631554935,0.719154401,0.67866265,0.690050921,0.696655329,0.719406568,0.770203312,0.933593105,0.766044511,0.76233235,0.804385233,0.820896521,0.815400248,0.954564934,0.896890457,0.848994035],[0.631257571,0.653077912,0.679132672,0.677879966,0.746677927,0.73155712,0.771895948,0.862776987,0.770283086,0.759469879,0.805186301,0.821568314,0.820480421,0.93863632,0.839572539,0.855168149],[0.689304989,0.654250204,0.68004251,0.688127015,0.697842941,0.726619446,0.775969842,0.859397471,0.770908552,0.768360431,0.795362829,0.819136333,0.814990276,0.951107484,0.838968726,0.867434013],[0.631600233,0.655975579,0.681008138,0.758387296,0.70300702,0.714664486,0.767863649,0.863490083,0.819573971,0.76752763,0.795829351,0.821335971,0.853393734,0.95266624,0.839122417,0.84803175],[0.631762453,0.656551154,0.678729435,0.680405636,0.692136697,0.720043519,0.778076898,0.862818789,0.765541634,0.76748728,0.795594896,0.818063061,0.815851534,0.946598767,0.843387682,0.850286698]],"EPOCHS":50,"time":"2019-03-10T00:41:02.178","IJK":[[4,4,4],[8,8,8],[12,12,12],[16,16,16],[20,20,20],[24,24,24],[28,28,28],[32,32,32],[36,36,36],[40,40,40],[44,44,44],[48,48,48],[52,52,52],[56,56,56],[60,60,60],[64,64,64]],"R":10,"M":10,"a":50.0,"T":1000,"P":500,"smc":[[0.733419835,0.688935449,0.710813154,0.715032178,0.730300871,0.761097947,0.779946864,0.797486596,0.815582258,0.816542815,0.976027974,0.883080843,0.888037344,0.901491363,0.902200931,1.049627708],[0.658872397,0.685442411,0.709209105,0.709404989,0.730560359,0.750410103,0.79320123,0.807627738,0.883522991,0.829118077,0.982719307,0.879917451,0.937071297,0.901615661,0.891263432,1.081528166],[0.660800269,0.687924844,0.708253103,0.714128063,0.725472735,0.747427829,0.839986648,0.806614671,0.802189822,0.81420063,0.972728099,0.875889494,0.887719783,0.908335811,0.921183281,1.053217933],[0.660560809,0.694291301,0.71045827,0.735319917,0.736744321,0.748959916,0.784691245,0.810260322,0.815991218,0.816384515,1.003303545,0.901690186,0.871978849,0.906173264,0.912336387,1.126226351],[0.659375034,0.685799566,0.710302005,0.713099789,0.733428413,0.825090766,0.776439753,0.802287358,0.816523381,0.811411625,0.988442386,0.893794674,0.877614127,0.892465077,0.895126315,1.054719206],[0.662507039,0.690250278,0.710162237,0.708759334,0.724849097,0.760242038,0.782895532,0.806229411,0.809164,0.815106418,0.972636083,0.875567613,0.90884957,0.903287564,0.925021032,1.056603411],[0.660319295,0.699248531,0.708902144,0.703661968,0.735429806,0.761194085,0.784532624,0.812579478,0.822132283,0.809240143,0.990230309,0.897567072,0.881472033,0.902742681,0.913903478,1.037695113],[0.661859347,0.687680409,0.710493644,0.701775325,0.725717141,0.756350906,0.836952786,0.835803069,0.835638015,0.841155745,0.971359144,0.87947036,0.877151919,0.902035645,0.916616336,1.046470811],[0.677821361,0.685109065,0.710632043,0.711242853,0.737869435,0.755749954,0.778437408,0.797084777,0.805960608,0.821034682,0.980425854,0.871394719,0.893012005,0.899874229,0.899669411,1.054269937],[0.66155964,0.680941582,0.708803512,0.715877504,0.722474344,0.742761147,0.778745731,0.801006755,0.809907813,0.910990059,0.990925723,0.969047303,0.892448924,0.907204585,0.917482718,1.047425403]]}