{"a":4.0,"b":0.01,"R":[1,2,3,4],"T":[9.0,10.0,11.0,12.0,13.0,14.0,15.0],"log_PT_vb":[[-18.714338096334835,-20.56206133838709,-22.42592497537417,-24.00218395394004],[-18.07036195978133,-20.22069746970159,-22.47310938899086,-24.46275329796093],[-17.828997862353592,-20.111538496072658,-22.567332133392597,-24.551461747936145],[-17.753790384866456,-20.145404716102675,-22.71516778497478,-24.738301271799667],[-17.763740715719628,-20.248805613646873,-22.91572753376543,-24.95861755876433],[-17.821893148390664,-20.388450190310795,-23.106951378362165,-25.187135519299343],[-17.908804520379963,-20.54028950076268,-23.269734145098354,-25.4128216045248]],"X":[[3.0,3.0],[null,3.0]],"log_PT":[[-18.714338096334835,-18.640515636267203,-18.602743221056475,-18.58135031541557],[-18.07036195978133,-18.15226211707041,-18.212107479432955,-18.257347187812947],[-17.828997862353592,-17.978587969764057,-18.08101583052135,-18.15454957098245],[-17.753790384866456,-17.927978923736326,-18.045669606489323,-18.129118350173215],[-17.763740715719628,-17.93792925458952,-18.05561993734251,-18.139068681025954],[-17.821893148390664,-17.980678758581178,-18.089297265561836,-18.16709199597537],[-17.908804520379963,-18.04193763978751,-18.13592826469572,-18.204779400632447]],"log_PT_smc":[[-18.71433809633482,-18.637504261893795,-18.6129069072746,-18.572778967009466],[-18.070361959781323,-18.1534026622611,-18.210168143353137,-18.25870199037106],[-17.828997862353596,-17.976790049382572,-18.086923713749048,-18.153201862108777],[-17.753790384866452,-17.92928391191972,-18.061322121461927,-18.136195872187578],[-17.76374071571962,-17.93600064754832,-18.060900442864565,-18.142297201003796],[-17.821893148390668,-17.971729954232423,-18.088840901594352,-18.15948633647846],[-17.908804520379956,-18.04196300782287,-18.129652428354838,-18.203131422965715]],"time":"2019-03-09T07:30:09.264"}