{"a":4.0,"b":0.01,"R":[1,2,3,4],"T":[9.0,10.0,11.0,12.0,13.0,14.0,15.0],"log_PT_vb":[[-18.239880116739712,-20.09015758289857,-21.980033193951208,-23.479253073341823],[-17.924408047158245,-19.983121584929304,-22.184218648240194,-23.922535014173864],[-17.934358378011417,-20.152360494463878,-22.513310458430517,-24.40669954114696],[-18.06209174452097,-20.399698020635462,-22.82519154965054,-24.885623029885387],[-18.241941112169542,-20.61506744660448,-23.064654114084078,-25.187621513242185],[-18.446047457463656,-20.79491806117148,-23.258257289746403,-25.371438692493765],[-18.66079220096284,-20.94957841716154,-23.421981210168095,-25.52830027224752]],"X":[[4.0,4.0],[null,1.0]],"log_PT":[[-18.239880116739712,-18.294408937770033,-18.332873725207453,-18.36137477709717],[-17.924408047158245,-18.04712718715652,-18.132086179332205,-18.193769406651754],[-17.934358378011417,-18.057077518009677,-18.14203651018539,-18.20371973750478],[-18.06209174452097,-18.15014623390579,-18.21430640502018,-18.262635183136926],[-18.241941112169542,-18.27476477187041,-18.308049303026323,-18.33736901741352],[-18.446047457463656,-18.410339179206797,-18.40801691414512,-18.416198639064362],[-18.66079220096284,-18.547508763854875,-18.507775513234865,-18.49443007335202]],"log_PT_smc":[[-18.239880116739712,-18.289065616234826,-18.33121987914722,-18.36176600339894],[-17.924408047158252,-18.04967204930403,-18.1406448310451,-18.19150172392913],[-17.93435837801142,-18.05737355255521,-18.13820043700774,-18.20568700467375],[-18.062091744520966,-18.147752709992016,-18.21751388603735,-18.256913131898862],[-18.241941112169535,-18.27201554678573,-18.302897438624772,-18.334960525540325],[-18.446047457463663,-18.4071815892556,-18.41109447987686,-18.416750856830987],[-18.66079220096284,-18.556170697170124,-18.508814537942225,-18.489475914453465]],"time":"2019-03-09T07:32:01.845"}